<botcomponent schemaname="cr40f_assisEsgSustentabilidade.topic.MultipleTopicsMatched">
  <componenttype>9</componenttype>
  <description>Esse tópico do sistema é desencadeado quando o agente correlaciona vários Tópicos com a mensagem de entrada e precisa esclarecer qual deve ser disparado.</description>
  <iscustomizable>0</iscustomizable>
  <name>Vários tópicos correspondentes</name>
  <parentbotid>
    <schemaname>cr40f_assisEsgSustentabilidade</schemaname>
  </parentbotid>
  <statecode>0</statecode>
  <statuscode>1</statuscode>
</botcomponent>