<botcomponent schemaname="cr40f_assisEsgSustentabilidade.topic.OnError">
  <componenttype>9</componenttype>
  <description>Esse tópico do sistema é desencadeado quando o agente encontra um erro. Ao usar o painel de chat de teste, a descrição completa do erro é exibida.</description>
  <iscustomizable>0</iscustomizable>
  <name>Se houver erro</name>
  <parentbotid>
    <schemaname>cr40f_assisEsgSustentabilidade</schemaname>
  </parentbotid>
  <statecode>0</statecode>
  <statuscode>1</statuscode>
</botcomponent>