{
  "properties": {
    "connectionReferences": {
      "shared_commondataserviceforapps": {
        "runtimeSource": "embedded",
        "connection": {
          "connectionReferenceLogicalName": "esg_sharedcommondataserviceforapps_93e1c"
        },
        "api": {
          "name": "shared_commondataserviceforapps"
        }
      },
      "shared_office365": {
        "runtimeSource": "embedded",
        "connection": {
          "connectionReferenceLogicalName": "esg_sharedoffice365_23502"
        },
        "api": {
          "name": "shared_office365"
        }
      }
    },
    "definition": {
      "$schema": "https://schema.management.azure.com/providers/Microsoft.Logic/schemas/2016-06-01/workflowdefinition.json#",
      "contentVersion": "1.0.0.0",
      "parameters": {
        "$connections": {
          "defaultValue": {},
          "type": "Object"
        },
        "$authentication": {
          "defaultValue": {},
          "type": "SecureObject"
        }
      },
      "triggers": {
        "Quando_uma_linha_é_adicionada,_modificada_ou_excluída": {
          "metadata": {
            "operationMetadataId": "ec143204-88a4-4668-82b3-205973e4af09"
          },
          "type": "OpenApiConnectionWebhook",
          "inputs": {
            "host": {
              "connectionName": "shared_commondataserviceforapps",
              "operationId": "SubscribeWebhookTrigger",
              "apiId": "/providers/Microsoft.PowerApps/apis/shared_commondataserviceforapps"
            },
            "parameters": {
              "subscriptionRequest/message": 1,
              "subscriptionRequest/entityname": "esg_projeto",
              "subscriptionRequest/scope": 1
            },
            "authentication": "@parameters('$authentication')"
          }
        }
      },
      "actions": {
        "Enviar_um_email_(V2)": {
          "runAfter": {},
          "metadata": {
            "operationMetadataId": "52896a2e-640c-475a-98cb-437c63889241"
          },
          "type": "OpenApiConnection",
          "inputs": {
            "host": {
              "connectionName": "shared_office365",
              "operationId": "SendEmailV2",
              "apiId": "/providers/Microsoft.PowerApps/apis/shared_office365"
            },
            "parameters": {
              "emailMessage/To": "brunoh11@escoladotrabalhador40.com.br",
              "emailMessage/Subject": "Novo Projeto ESG Criado: @{triggerOutputs()?['body/esg_nome']}",
              "emailMessage/Body": "<p>Um novo projeto de sustentabilidade foi criado!<br>\n<br>\n<strong>📋 Detalhes do Projeto:</strong><br>\nNome: @{triggerOutputs()?['body/esg_nome']}<br>\nTipo: @{triggerOutputs()?['body/esg_tipoprojeto']}<br>\nOrçamento: @{triggerOutputs()?['body/esg_orcamento']}<br>\nData Início: @{triggerOutputs()?['body/esg_datainicio']}<br>\n<br>\nAcesse o sistema para mais detalhes.</p>",
              "emailMessage/Importance": "Normal"
            },
            "authentication": "@parameters('$authentication')"
          }
        }
      }
    },
    "templateName": ""
  },
  "schemaVersion": "1.0.0.0"
}