<appaction uniquename="esg__AnliseRpida!26a9b09c10334e53847e6407a803f8fa!esg_projeto!0">
  <buttonaccessibilitytext default="Análise Rápida">
    <label description="Análise Rápida" languagecode="1046" />
  </buttonaccessibilitytext>
  <buttonlabeltext default="Análise Rápida">
    <label description="Análise Rápida" languagecode="1046" />
  </buttonlabeltext>
  <buttontooltipdescription default="Gera análise de sustentabilidade do projeto">
    <label description="Gera análise de sustentabilidade do projeto" languagecode="1046" />
  </buttontooltipdescription>
  <buttontooltiptitle default="Análise Rápida">
    <label description="Análise Rápida" languagecode="1046" />
  </buttontooltiptitle>
  <context>1</context>
  <contextentity>
    <logicalname>esg_projeto</logicalname>
  </contextentity>
  <contextvalue>esg_projeto</contextvalue>
  <fonticon>ContactInfo</fonticon>
  <hidden>0</hidden>
  <iscustomizable>1</iscustomizable>
  <isdisabled>0</isdisabled>
  <isgrouptitlehidden>0</isgrouptitlehidden>
  <location>0</location>
  <name>AnliseRpida!26a9b09c10334e53847e6407a803f8fa</name>
  <onclickeventjavascriptfunctionname>gerarAnaliseRapida</onclickeventjavascriptfunctionname>
  <onclickeventjavascriptparameters>[]</onclickeventjavascriptparameters>
  <onclickeventjavascriptwebresourceid>
    <webresourceid>e94de427-4fca-f011-8543-6045bd3ac975</webresourceid>
  </onclickeventjavascriptwebresourceid>
  <onclickeventtype>2</onclickeventtype>
  <origin>0</origin>
  <sequence>100100015.0000000000</sequence>
  <statecode>0</statecode>
  <statuscode>1</statuscode>
  <type>0</type>
  <visibilitytype>0</visibilitytype>
</appaction>